{
  "original_bounds": {
    "x_min": 4252068.717616988,
    "x_max": 4252642.416993924,
    "y_min": -9072479.994772965,
    "y_max": -9072216.129933294,
    "width": 573.6993769360706,
    "height": 263.86483967117965
  },
  "cropped_bounds": {
    "x_min": 4252534.786579811,
    "x_max": 4252613.925396858,
    "y_min": -9072422.033793839,
    "y_max": -9072307.999360144,
    "width": 79.13881704676896,
    "height": 114.03443369455636
  },
  "statistics": {
    "total_positions": 28517,
    "filtered_positions": 24216,
    "outliers_removed": 4301,
    "area_reduction_factor": 16.774142866776245
  }
}
